model,quantity,value
STD,L_trench_km_median,33.03
STD,L_trench_km_q1,29.55
STD,L_trench_km_q3,36.31
STD,L_ridge_dynamic_km_median,32.44
STD,L_ridge_dynamic_km_q1,26.54
STD,L_ridge_dynamic_km_q3,34.45
STD,L_ridge_static_km_median,51.53
STD,L_ridge_static_km_q1,50.06
STD,L_ridge_static_km_q3,52.91
STD,relief_trench_m_median,1922.68
STD,relief_trench_m_q1,1852.5
STD,relief_trench_m_q3,2007.47
STD,relief_ridge_m_median,1411.52
STD,relief_ridge_m_q1,1266.44
STD,relief_ridge_m_q3,1648.68
WAL,L_trench_km_median,33.39
WAL,L_trench_km_q1,30.21
WAL,L_trench_km_q3,34.25
WAL,L_ridge_dynamic_km_median,32.97
WAL,L_ridge_dynamic_km_q1,27.58
WAL,L_ridge_dynamic_km_q3,39.51
WAL,L_ridge_static_km_median,44.29
WAL,L_ridge_static_km_q1,41.28
WAL,L_ridge_static_km_q3,47.21
WAL,relief_trench_m_median,1710.79
WAL,relief_trench_m_q1,1574.32
WAL,relief_trench_m_q3,1860.85
WAL,relief_ridge_m_median,1535.35
WAL,relief_ridge_m_q1,1292.63
WAL,relief_ridge_m_q3,1827.6
